ASFIS species Name En,Continent Name En,Country Name En,Inland/Marine areas Name En,Unit Name,2021,2020,2019,2018,2017,2016,2015,2014,2013,2012,2011,2010,2009,2008,2007,2006,2005,2004,2003,2002,2001,2000,1999,1998,1997,1996,1995,1994,1993,1992,1991,1990,1989,1988,1987,1986,1985,1984,1983,1982,1981,1980,1979,1978,1977,1976,1975,1974,1973,1972,1971,1970,1969,1968,1967,1966,1965,1964,1963,1962,1961,1960,1959,1958,1957,1956,1955,1954,1953,1952,1951,1950
Atlantic salmon,Americas,Canada,Marine areas,Tonnes - live weight,120186,120427,118630,123184,120553,123522,121926,86347,97629,116101,110328,101544,100212,104075,102509,118061,98370,96774,107228,114921,95606,72495,61990,49475,51015,36475,33674,27773,23483,17305,13499,9625,5967,3431,1385,682,349,222,68,143,76,27,5,0,0,0,0,0,0,0,0,0,0,0,0,0,0,0,0,0,0,0,0,0,0,0,0,0,0,0,0,0
Atlantic salmon,Americas,Chile,Marine areas,Tonnes - live weight,724835,786905,701331,660644.9,613610.9,531897,608352,622992,470256,386607,254570,120000,230678,388048,330391,375991,385086,348665,279906,265205,253607,166897,103242,107066,96675,77327,54250,34175,29180,23715,14957,9478,1860,165,41,,,,,,,,,,,,,,,,,,,,,,,,,,,,,,,,,,,,,
Atlantic salmon,Americas,United States of America,Marine areas,Tonnes - live weight,16490.52,16490.52,16490.52,16107,14685,16185,18719,18719,18866,19295,18595,19535,14074,16714,11001,10485,9401,15127,16315,12734,20769,22395,17739,14507,18005,13906,14075,10906,10750,10028,6661,3185,2554,898,113,8,,,,,,,,,,,,,,,,,,,,,,,,,,,,,,,,,,,,
Atlantic salmon,Asia,"Korea, Dem. People's Rep",Marine areas,Tonnes - live weight,60,60,60,60,50,20,20,20,15,15,15,10,10,,0,0,0,0,0,0,0,0,0,0,0,0,0,0,0,0,0,0,0,0,0,0,0,0,0,0,0,0,0,0,0,0,0,0,0,0,0,0,0,0,0,0,0,0,0,0,0,0,0,0,0,0,0,0,0,0,0,0
Atlantic salmon,Asia,Türkiye,Marine areas,Tonnes - live weight,,,,,,,,,0,0,0,0,0,0,0,0,0,0,0,0,0,0,0,40,50,193,654,434,791,680,1500,300,0,0,0,0,0,0,0,0,0,,,,,,,,,,,,,,,,,,,,,,,,,,,,,,,
Atlantic salmon,Asia,United Arab Emirates,Marine areas,Tonnes - live weight,180,300,,,,,,,,,,,,,,,,,,,,,,,,,,,,,,,,,,,,,,,,,,,,,,,,,,,,,,,,,,,,,,,,,,,,,,
Atlantic salmon,Europe,Denmark,Marine areas,Tonnes - live weight,,,,,,,,,,,,,0,0,0,,1,1,0,1,,,,,,,,,,,,,,,,,,,,,,,,,,,,,,,,,,,,,,,,,,,,,,,,,,,,
Atlantic salmon,Europe,Faroe Islands,Marine areas,Tonnes - live weight,115650,88950,95000,78900,86800,83300,80600,86454,75821,76564,60473,45391,51383,38494,22305,13078,18962,40985,52526,44953,46041,33508,39252,19176,21103,17049,8539,14868,17660,18364,17914,13025,7901,3400,3193,1370,940,117,90,60,45,22,,5,2,1,,,,,,,,,,,,,,,,,,,,,,,,,,
Atlantic salmon,Europe,Finland,Marine areas,Tonnes - live weight,,,0,0,0,0,0,0,0,0,0,0,0,0,0,0,0,0,0,0,0,0,0,0,0,0,0,0,0,85,143,157,71,117,11,93,92,93,235,9,312,251,0,0,0,0,0,0,0,0,0,0,0,0,0,0,0,0,0,0,0,0,0,0,0,0,0,0,0,0,0,0
Atlantic salmon,Europe,France,Marine areas,Tonnes - live weight,,,,,,,,,,,,,,1335,1100,1391,1190,735,544,443,90,0,640,650,650,500,494,456,214,250,224,,,,,,,,,,,,,,,,,,,,,,,,,,,,,,,,,,,,,,,,,
Atlantic salmon,Europe,Iceland,Marine areas,Tonnes - live weight,46458,34341,26957,13448,11265,8420,3260,3965,3018,2923,1083,1068,714,330,1197,5224,6488,6620,3708,1471,2645,2593,2900,2742,2513,2832,2591,2588,2348,2125,2566,2716,1480,1053,490,123,91,107,79,56,39,27,19,13,8,5,1,0,0,0,0,0,,,,,,,,,,,,,,,,,,,,
Atlantic salmon,Europe,Ireland,Marine areas,Tonnes - live weight,12844,12870,11333,11984,18342,16300,13116,9367.6,9124.9,12440,12196,15691,12210,9217,9923,11174,13764,14067,16347,23231,23312,17648,18076,14860,15441,14025,11811,11616,12366,9696,9300,6323,5500,4075,2300,1215,700,385,257,100,35,21,13,10,10,5,2,1,0,0,0,0,0,0,0,0,0,0,0,0,0,0,0,0,0,0,0,0,0,0,0,0
Atlantic salmon,Europe,Norway,Marine areas,Tonnes - live weight,1562415.01,1388433.84,1364042.038,1282003.2,1236353,1233619.2,1303345.8,1258355.9,1168324,1232094.9,1064868,939536,862907.7,737694,744222,629888,586512,563815,509544,462495,436103,440061,425154,360806,332581,297557,261522,202459,155581,124138,154900,145990,111337,78744,46453,44831,29473,21881,17298,10695,8418,4312,4389,3540,2137,1431,862,601,171,146,98,50,27,15,8,4,2,1,0,0,0,0,0,0,0,0,0,0,0,0,0,0
Atlantic salmon,Europe,Portugal,Marine areas,Tonnes - live weight,,,,,,,,,,,,,,,,,,,,,,,,,250,4,0,0,0,0,100,120,100,0,,,,,,,,,,,,,,,,,,,,,,,,,,,,,,,,,,,,,,
Atlantic salmon,Europe,Russian Federation,Marine areas,Tonnes - live weight,14959,10855,32343,20566,13016,12857,10834,18675,22500,8754,8500,4500,2126,51,108,229,200,203,300,0,0,0,5,0,0,0,0,0,0,0,,,,,,,,,,,,,,,,,,,,,,,,,,,,,,,,,,,,,,,,,,
Atlantic salmon,Europe,Spain,Marine areas,Tonnes - live weight,,,11.606,,24.39,5.162,7.785,3.8,0,4,0,79.2,110,0,0,0,0,12,15,150,323,226,618,798,851,726,695,909,562,782,553,355,150,150,150,150,150,150,,,,,,,,,,,,,,,,,,,,,,,,,,,,,,,,,,
Atlantic salmon,Europe,Sweden,Marine areas,Tonnes - live weight,,,,,,1,,8,6,0,0,0,0,0,0,0,0,0,0,0,0,0,0,0,0,12,19,7,4,388,270,602,771,363,224,160,81,118,75,50,50,30,15,10,5,,,,,,,,,,,,,,,,,,,,,,,,,,,
Atlantic salmon,Europe,United Kingdom,Marine areas,Tonnes - live weight,205000,192129,203881,156025,189707,162817,171722,179022,163234,162543,158305,154625,144654,128744,130104,131973,129823,158099,145609,145609,138519,128959,126686,110917,99422,83342,70320,64266,48791,36302,40657,32004,28603,17951,12721,10337,6921,3912,2536,2152,1133,598,520,378,115,209,393,372,401,213,216,244,0,0,0,0,0,0,0,0,0,0,0,0,0,0,0,0,0,0,0,0
Atlantic salmon,Oceania,Australia,Marine areas,Tonnes - live weight,84045.234,66918.495,56989.34,61227,52580.2,56115.197,48330.56,41590.66,42825.01,43982,36662.04,31806.79,29893,25736.9,25336,20710,16780,16476,15208,14356,12724,10907,9195,7069,7648,7647,6192,4000,3500,3300,2650,1750,1750,240,53,10,,,,,,,,,,,,,,,,,,,,,,,,,,,,,,,,,,,,
Barramundi(=Giant seaperch),Asia,Bahrain,Marine areas,Tonnes - live weight,,,,,,,,,0,,,,,,,,,,,,,,,,,,,,,,,,,,,,,,,,,,,,,,,,,,,,,,,,,,,,,,,,,,,,,,,
Barramundi(=Giant seaperch),Asia,Brunei Darussalam,Marine areas,Tonnes - live weight,107.17,125.005,104.214,83.2,185,106.65,86.82,75.27,41.56,20,30,33,30,28,31,36,30,43,20,23,,6,41,74,69,72,74,51,26,8,0,3,0,1,1,,,,,,,,,,,,,,,,,,,,,,,,,,,,,,,,,,,,,
Barramundi(=Giant seaperch),Asia,Cambodia,Marine areas,Tonnes - live weight,870,1000,950,950,850,800,200,200,150,140,140,120,100,80,,,,,,,,,,,,,,,,,,,,,,,,,,,,,,,,,,,,,,,,,,,,,,,,,,,,,,,,,,
Barramundi(=Giant seaperch),Asia,"China, Hong Kong SAR",Marine areas,Tonnes - live weight,,,,,,,,,,,,,,,,,,,,,,,,,,144,207,210,211,187,224,167,170,23,34,105,67,100,100,105,100,95,90,83,70,72,59,46,25,10,5,0,0,0,0,0,0,0,0,0,0,0,0,0,0,0,0,0,0,0,0,0
Barramundi(=Giant seaperch),Asia,India,Marine areas,Tonnes - live weight,5700,5311,4400,4250,3900,3600,3000,2000,1500,900,,,,,,,,,,,,,,,,,,,,,,,,,,,,,,,,,,,,,,,,,,,,,,,,,,,,,,,,,,,,,,
Barramundi(=Giant seaperch),Asia,Indonesia,Marine areas,Tonnes - live weight,2823.635,2249,1487,9835,8177,7890.22,6558,5446.56,6735.275,6198.23,5235.72,5738,6399.65,4371,4417,2183,2935,4663,5483,4461,9305,4720,5741,2039,2483,4401,1815,2381,2622,1916,1539,2267,2645,1356,1384,798,813,733,1105,966,883,850,745,571,659,500,107,146,21,0,0,100,100,100,100,100,0,0,0,0,0,0,0,0,0,0,0,0,0,0,0,0
Barramundi(=Giant seaperch),Asia,Israel,Marine areas,Tonnes - live weight,100,100,100,70,70,40,40,60,150,,70,70,70,67,100,115,90,15,,66,48,,,,,,,,,,,,,,,,,,,,,,,,,,,,,,,,,,,,,,,,,,,,,,,,,,,
Barramundi(=Giant seaperch),Asia,Kuwait,Marine areas,Tonnes - live weight,,,,,2,2.5,0,0,0,0,0,0,0,0,0,0,0,0,0,0,0,0,0,0,0,0,0,0,0,0,0,0,0,0,0,0,0,0,0,0,0,0,0,0,0,0,0,0,0,0,0,0,0,0,0,0,0,0,0,0,0,0,0,0,0,0,0,0,0,0,0,0
Barramundi(=Giant seaperch),Asia,Malaysia,Marine areas,Tonnes - live weight,34186.73,23033.826,17263.61,21241.1,30236.59,15025.912,29132.37,30439.93,16981.4,20088.74,17607,20022,14229,11705,5680,5519,4191,4001,4211,4230,4061,3428,5210,5246,3487,2417,2206,2691,3865,2785,2030,1954,1538,1267,1067,838,337,80,227,235,183,140,106,0,0,0,0,0,0,0,0,0,0,0,0,0,0,0,0,0,0,0,0,0,0,0,0,0,0,0,0,0
Barramundi(=Giant seaperch),Asia,Myanmar,Marine areas,Tonnes - live weight,1536.22,1370.78,76.455,1397.854,482.22,473.348,461.04,95,85,80,80,80,60,72,,,,,,,,,,,,,,,,,,,,,,,,,,,,,,,,,,,,,,,,,,,,,,,,,,,,,,,,,,
Barramundi(=Giant seaperch),Asia,Qatar,Marine areas,Tonnes - live weight,10,,,,,,,,,,,,,,,,,,,,,,,,,,,,,,,,,,,,,,,,,,,,,,,,,,,,,,,,,,,,,,,,,,,,,,,
Barramundi(=Giant seaperch),Asia,Saudi Arabia,Marine areas,Tonnes - live weight,14000,18303.207,3859.17,5500,5500,5585,3888,2525,20,20,18,0,4,5,5,0,0,0,0,0,0,0,0,38,0,0,0,0,0,0,0,0,0,0,0,,0,0,,,,,,,,,,,,,,,,,,,,,,,,,,,,,,,,,,
Barramundi(=Giant seaperch),Asia,Singapore,Marine areas,Tonnes - live weight,839.784,830.909,1247.819,844.434,850.461,731.288,956.327,476.6,524.478,210.88,392.33,508.82,275,169,164,156,180,77,179,157,173,305,241,235,243,266,285,204,227,393,239,307,201,235,219,203,169,185,214,96,11,0,0,0,0,0,0,0,0,0,0,0,0,0,0,0,,,,,,,,,,,,,,,,
Barramundi(=Giant seaperch),Asia,Sri Lanka,Marine areas,Tonnes - live weight,465.614,178.5,168.01,339.83,0.6,117.5,36.5,17.7,14.9,5.51,8.85,10,9.309,3,2,0,0,0,0,0,0,0,0,0,0,0,0,0,0,0,0,0,0,0,0,0,0,0,0,0,0,0,0,0,0,0,0,0,0,0,0,0,0,0,0,0,0,0,0,0,0,0,0,0,0,0,0,0,0,0,0,0
Barramundi(=Giant seaperch),Asia,Taiwan Province of China,Marine areas,Tonnes - live weight,4434.626,4366.306,5220.02,3998.681,3405.652,2178.818,3332,4133.03,6830.09,9327,11465.3,9038,2592,2693,2357,2437,3566,1504,1680,1798,1577,1078,1286,1649,2091,2218,1635,1804,1048,1374,790,1438,560,,,,,,,,,,,,,,,,,,,,,,,,,,,,,,,,,,,,,,,
Barramundi(=Giant seaperch),Asia,Thailand,Marine areas,Tonnes - live weight,47636,45415,47203,39278,20454,17610,17250,16502,16761,19317,16157,13434,14818,12814,12366,15524,14219,13588,12229,11032,8004,7752,6056,6812,4090,4087,3884,3929,2753,2596,1650,1005,1290,1034,1183,823,584,548,1084,181,226,176,207,175,147,124,104,88,74,62,53,44,44,31,26,22,15,10,5,0,0,0,0,0,0,0,0,0,0,0,0,0
Barramundi(=Giant seaperch),Asia,United Arab Emirates,Marine areas,Tonnes - live weight,22,60,32,32,32,0,0,0,0,0,0,0,0,0,0,0,0,0,0,0,0,0,,,,,,,,,,,,,,,,,,,,,,,,,,,,,,,,,,,,,,,,,,,,,,,,,,
Barramundi(=Giant seaperch),Oceania,Australia,Marine areas,Tonnes - live weight,7814.738,3427.408,3364.671,5668.433,4113.95,3542.113,3771.6,3439.83,3559.55,4473.3,4352.47,3627.974,2966,3361.8,2632,2249,1775,1517,1750,1150,898,822,775,683,487,596,258,312,219,100,47,15,10,16,,,,,,,,,,,,,,,,,,,,,,,,,,,,,,,,,,,,,,
Barramundi(=Giant seaperch),Oceania,French Polynesia,Marine areas,Tonnes - live weight,,,,,0,0,0,0,0,0,0,0,0,0,1,5,6,1,9,18,15,9,3,2,2,10,3,2,5,4,3,3,1,1,0,0,0,0,,,,,,,,,,,,,,,,,,,,,,,,,,,,,,,,,,
Barramundi(=Giant seaperch),Oceania,Papua New Guinea,Marine areas,Tonnes - live weight,,,0,0,0,0,0,0,0,0,0,10,10,10,,,,,,,,,,,,,,,,,,,,,,,,,,,,,,,,,,,,,,,,,,,,,,,,,,,,,,,,,,
Barramundi(=Giant seaperch),Oceania,Vanuatu,Marine areas,Tonnes - live weight,,,,,,,,2,2,,,,,,,,,,,,,,,,,,,,,,,,,,,,,,,,,,,,,,,,,,,,,,,,,,,,,,,,,,,,,,,
Coho(=Silver) salmon,Americas,Canada,Marine areas,Tonnes - live weight,,,,,,,,,,,,,,,,,,,1400,2300,2500,2100,2000,2625,1529,757,768,1314,2815,762,462,1509,1815,2775,790,304,66,64,,,,,,,,,,,,,,,,,,,,,,,,,,,,,,,,,,
Coho(=Silver) salmon,Americas,Chile,Marine areas,Tonnes - live weight,212720,204472,205210,148330.88,164045,110804,126771,145128,133072,146334,144120,110000,147348,92267,105377,118042,102376,90244,91714,102373,136815,93419,76324,76954,73408,66988,44037,34524,25150,22165,17954,13298,6930,4040,1769,1144,500,109,94,184,1,64,46,49,,,,,,,,,,,,,,,,,,,,,,,,,,,,
Coho(=Silver) salmon,Americas,United States of America,Marine areas,Tonnes - live weight,,,,,,,,,,,,,,,,,,,,,,,3,2,3,33,31,38,41,67,222,169,613,1616,1528,1151,1531,1136,590,545,540,546,500,480,450,430,400,370,350,320,290,250,219,184,146,106,63,20,13,5,0,0,0,0,0,0,0,0,0,0,0,0
Coho(=Silver) salmon,Asia,Japan,Marine areas,Tonnes - live weight,18500,17333,15938,18053,15648,13208,13937,12802,12215,9728,116,14766,15770,12809,13567,12046,12729,9607,9208,8023,11616,13107,11148,8721,9927,8401,13524,22824,21148,25519,25730,23608,19849,16496,12177,7533,6990,5049,2760,2122,1150,1855,370,0,0,0,0,0,0,0,0,0,0,0,0,0,0,0,0,0,0,0,0,0,0,0,0,0,0,0,0,0
Coho(=Silver) salmon,Europe,Denmark,Marine areas,Tonnes - live weight,,,,,36,0,0,0,0,0,0,0,0,0,0,0,0,0,0,0,0,0,,,,,,,,,,,,,,,,,,,,,,,,,,,,,,,,,,,,,,,,,,,,,,,,,,
Coho(=Silver) salmon,Europe,France,Marine areas,Tonnes - live weight,,,,,,,,,,,,,,,,,,,,,,,,,,,,,,,17,80,85,85,80,80,70,,,,,,,,,,,,,,,,,,,,,,,,,,,,,,,,,,,
European seabass,Africa,Algeria,Marine areas,Tonnes - live weight,378.846,311.5,56.5,126.04,445.715,69.7,93.7,246.118,0.195,202.037,85.313,50.499,14.693,1.34,1,0,3,3,3,0,0,0,0,0,10,10,10,5,6,3,4,2,5,7,6,5,4,2,,,,,,,,,,,,,,,,,,,,,,,,,,,,,,,,,,
European seabass,Africa,Egypt,Marine areas,Tonnes - live weight,32893,32187,29957,24562,30390,24279,14124,14867,11942,13498,17414,16246,5381,4383,,,,,,,,,,,,,,,,,,,,,,,,,,,,,,,,,,,,,,,,,,,,,,,,,,,,,,,,,,
European seabass,Africa,Libya,Marine areas,Tonnes - live weight,0,0,0,0,0,0,0,0,0,0,0,50,50,50,170,170,170,170,100,15,15,15,15,15,15,15,15,,,,,,,,,,,,,,,,,,,,,,,,,,,,,,,,,,,,,,,,,,,,,
European seabass,Africa,Mauritius,Marine areas,Tonnes - live weight,,12,83,35.5,44.2,293,183,135,98,2,2,,,,,,,,,,,,,,,,,,,,,,,,,,,,,,,,,,,,,,,,,,,,,,,,,,,,,,,,,,,,,
European seabass,Africa,Morocco,Marine areas,Tonnes - live weight,243.612,204,169.196,120.535,112.7,134,181,167,155,156.9,64,1.8,40,29,79,36,845,370,389,325,202,250,365,563,568,407,533,332,193,119,96,24,,,,,,,,,,,,,,,,,,,,,,,,,,,,,,,,,,,,,,,,
European seabass,Africa,Tunisia,Marine areas,Tonnes - live weight,5100.661,4997,3331,2288,3448,2734,2802,1869,1969,1999,2832,1466,1438,788,793,492,633,466,457,649,461,202,254,551,565,210,230,571,419,161,305,283,300,316,40,30,15,2,,,,,,,,,,,,,,,,,,,,,,,,,,,,,,,,,,
European seabass,Americas,Dominican Republic,Marine areas,Tonnes - live weight,80,80,80,80,80,0,0,0,0,0,0,0,0,0,0,0,2,3,2,,,,,,,,,,,,,,,,,,,,,,,,,,,,,,,,,,,,,,,,,,,,,,,,,,,,,
European seabass,Asia,Cyprus,Marine areas,Tonnes - live weight,2680,2924,2836,2389,2254,1517,1726,1817,1422,1100,1495,1198,703,752,740,590,583,698,448,422,383,299,298,205,57,100,99,20,34,19,15,15,10,3,0,1,1,1,,,,,,,,,,,,,,,,,,,,,,,,,,,,,,,,,,
European seabass,Asia,Iran (Islamic Rep. of),Marine areas,Tonnes - live weight,5616,4370,4155,4700,,,,,,,,,,,,,,,,,,,,,,,,,,,,,,,,,,,,,,,,,,,,,,,,,,,,,,,,,,,,,,,,,,,,
European seabass,Asia,Israel,Marine areas,Tonnes - live weight,70,70,320,70,70,67,50,44,204,203,200,200,191,197,26,158,199,349,361,385,337,150,26,30,,66,700,300,100,0,0,0,0,0,0,0,0,0,,,,,,,,,,,,,,,,,,,,,,,,,,,,,,,,,,
European seabass,Asia,Kuwait,Marine areas,Tonnes - live weight,,,,,,,,,,,,,,0.215,,,,,,,,,,,,,,,,,,,,,,,,,,,,,,,,,,,,,,,,,,,,,,,,,,,,,,,,,,
European seabass,Asia,Lebanon,Marine areas,Tonnes - live weight,0.5,0.5,0.5,0.5,,,,,,,,,,,,,,,,,,,,,,,,,,,,,,,,,,,,,,,,,,,,,,,,,,,,,,,,,,,,,,,,,,,,
European seabass,Asia,Oman,Marine areas,Tonnes - live weight,,,,,,,,,,,,,,,,,28,27,13,,,,,,,,,,,,,,,,,,,,,,,,,,,,,,,,,,,,,,,,,,,,,,,,,,,,,
European seabass,Asia,Palestine,Marine areas,Tonnes - live weight,0,20,20,50,30,,,,,0,0,3,,,,,,,,,,,,,,,,,,,,,,,,,,,,,,,,,,,,,,,,,,,,,,,,,,,,,,,,,,,,
European seabass,Asia,Saudi Arabia,Marine areas,Tonnes - live weight,215,17,,,,,,,,,,,,,,,,,,,,,,,,,,,,,,,,,,,,,,,,,,,,,,,,,,,,,,,,,,,,,,,,,,,,,,
European seabass,Asia,Türkiye,Marine areas,Tonnes - live weight,155151,148907,137419,116915,99971,80847,75164,74653,67912.5,65512,47013,50796,46554,49270,41900,38408,37490,26297,20982,14339,15546,17877,12000,8660,6300,5210,2773,2229,3158,808,777,102,51,5,5,,,,,,,,,,,,,,,,,,,,,,,,,,,,,,,,,,,,,
European seabass,Asia,United Arab Emirates,Marine areas,Tonnes - live weight,502,550,800,665,665,584,,,10,,,,,,190,190,190,190,750,,,,,,,,,,,,,,,,,,,,,,,,,,,,,,,,,,,,,,,,,,,,,,,,,,,,,
European seabass,Europe,Albania,Marine areas,Tonnes - live weight,2463,2875,1020,1000,1000,800,700,700,600,400,170,135,135,142,84,87,,,,,,,,,,,,,,,,,,,,,,,,,,,,,,,,,,,,,,,,,,,,,,,,,,,,,,,,
European seabass,Europe,Bosnia and Herzegovina,Marine areas,Tonnes - live weight,53.9,46,76,75,80.9,79.5,83,73,,,84,80,80,100,100,84,86,47,85,85,,,,,,,,,,,,,,,,,,,,,,,,,,,,,,,,,,,,,,,,,,,,,,,,,,,,
European seabass,Europe,Croatia,Marine areas,Tonnes - live weight,9038.9,6754.05,6089.08,6220.13,5615.808,5310.025,4488.388,3214.721,2826,2453,2775,2800,2800,2700,2800,2400,2000,2300,1813,1800,1520,1300,1300,1152,394,172,247,182,174,383,,,,,,,,,,,,,,,,,,,,,,,,,,,,,,,,,,,,,,,,,,
European seabass,Europe,France,Marine areas,Tonnes - live weight,2290,2376.017,2460.6,1721.52,1400,1750,2156.2,2244.3,2428,2321,2452,2337,1253.2,4162.7,3240,3239,3913,3438,3876,3536,2721,3020,3225,3100,2114,1997,2656,2138,1330,550,414,300,250,145,140,90,70,,,,,,,,,,,,,,,,,,,,,,,,,,,,,,,,,,,
European seabass,Europe,Germany,Marine areas,Tonnes - live weight,,,,,,,,,,,,0,0,0,15,15,25,45,,40,10,7,1,2,0,0,0,0,0,0,0,0,0,0,0,0,0,0,,,,,,,,,,,,,,,,,,,,,,,,,,,,,,,,,,
European seabass,Europe,Greece,Marine areas,Tonnes - live weight,51231.8,40763.174,41236.8,46910.8,44284.7,42479.4,36600.1,32141.6,34919.7,35805.068,37089,39884,33631,35036,34760,34040,30959,25766,27324,23860,25342,26653,24413,18469,15193,11662,9539,6870,7345,5043,2530,1952,300,110,70,90,60,40,20,10,5,5,2,,,,,,,,,,,,,,,,,,,,,,,,,,,,,
European seabass,Europe,Iceland,Marine areas,Tonnes - live weight,,,,,,,0,0,0,0,0,0,0,0,0,0,,,80,40,20,20,15,12,3,0,1,0,0,0,0,0,0,0,0,0,0,0,,,,,,,,,,,,,,,,,,,,,,,,,,,,,,,,,,
European seabass,Europe,Italy,Marine areas,Tonnes - live weight,7276.9,6153.228,7420,5738.1,6800,6800,5800,5724.31,6330,6896,6672.2,6457,6714,6812.93,8505,8335,6262,6831,9600,7176,9500,8100,7200,5850,4600,3800,3600,2850,2466,1826,1538,1050,1100,930,750,550,340,280,250,200,150,120,90,70,50,40,30,20,10,0,0,0,0,0,0,0,0,0,0,0,0,0,0,0,0,0,0,0,0,0,0,0
European seabass,Europe,Malta,Marine areas,Tonnes - live weight,221.032,135.576,62.224,76.752,59.37,38.818,27,190,127,126,13.794,102,93,97,75,155,196,125,93,50,196,234,80,80,720,621,350,350,400,350,150,,,,,,,,,,,,,,,,,,,,,,,,,,,,,,,,,,,,,,,,,
European seabass,Europe,Montenegro,Marine areas,Tonnes - live weight,43,38,68,78,54,79,76,45,50,50,60,60,60,50,39,25,,,,,,,,,,,,,,,,,,,,,,,,,,,,,,,,,,,,,,,,,,,,,,,,,,,,,,,,
European seabass,Europe,Portugal,Marine areas,Tonnes - live weight,833.626,904.27,674.65,199.68,700.57,403.29,295.408,454.716,575.329,531.3,461,397,420,1069.5,1192,1584,1530,1235,1384,808,925,653,719,513,515,327,265,140,83,8,3,2,5,52,52,52,42,35,30,20,10,5,2,,,,,,,,,,,,,,,,,,,,,,,,,,,,,
European seabass,Europe,Slovenia,Marine areas,Tonnes - live weight,37.7,50,80,80,80,70,70,66,50,52,56.2,41.6,64.6,50,15,30,25,78,55,25,59,46,35,54,29,53,29,34,13,6,,,,,,,,,,,,,,,,,,,,,,,,,,,,,,,,,,,,,,,,,,
European seabass,Europe,Spain,Marine areas,Tonnes - live weight,23037.394,22764.911,25259.981,21268.82,17655.921,22956.19,18600.367,16722.301,14945.47,14455.1,17547.649,11490.5,12654.74,9740,9152,7763,5713,3802,3840,3339,2307,1837,1227,936,511,693,461,351,370,143,92,31,24,29,38,31,29,0,0,0,0,0,0,0,0,0,0,0,0,0,0,0,,,,,,,,,,,,,,,,,,,,
European seabass,Europe,United Kingdom,Marine areas,Tonnes - live weight,,,,,,,0,250,252,190,490,473,322,23,0,0,,12,12,,,,,,,,,,,,,,,,,,,,,,,,,,,,,,,,,,,,,,,,,,,,,,,,,,,,,
European seabass,Europe,Yugoslavia SFR,Marine areas,Tonnes - live weight,,,,,,0,0,0,0,0,0,0,0,0,0,0,0,0,0,0,0,0,0,0,0,0,0,0,0,0,100,160,200,70,50,100,20,,,,,,,,,,,,,,,,,,,,,,,,,,,,,,,,,,,
Flathead grey mullet,Africa,Tunisia,Marine areas,Tonnes - live weight,,,,,,200,0,0,0,0,0,0,0,2,0,0,0,0,0,0,0,2,0,2,3,0,3,1,3,0,0,4,0,0,0,,,,,,,,,,,,,,,,,,,,,,,,,,,,,,,,,,,,,
Flathead grey mullet,Americas,Guyana,Marine areas,Tonnes - live weight,,,,,,4.86,26.51,42.371,8,7,19,35.3,35.1,,,,,,,,,,,,,,,,,,,,,,,,,,,,,,,,,,,,,,,,,,,,,,,,,,,,,,,,,,,
Flathead grey mullet,Americas,Mexico,Marine areas,Tonnes - live weight,,0,0,0,0,0,,,0,0,0,0,0,0,0,0,0,0,0,0,0,1,0,0,0,0,0,3,0,0,0,0,0,0,0,0,0,0,,,,,,,,,,,,,,,,,,,,,,,,,,,,,,,,,,
Flathead grey mullet,Asia,Indonesia,Marine areas,Tonnes - live weight,5524.292,,,,,,,,,,,,,,,,,,,,,,,,,,,,,,,,,,,,,,,,,,,,,,,,,,,,,,,,,,,,,,,,,,,,,,,
Flathead grey mullet,Asia,Japan,Marine areas,Tonnes - live weight,,,,,,,,,,,,,,,,,,,,,,,,,,,,,,,,,,,,,0,0,0,0,0,0,0,0,0,0,0,0,0,0,0,0,0,0,0,0,0,566,515,539,530,393,,,,,,0,0,0,0,0
Flathead grey mullet,Asia,Saudi Arabia,Marine areas,Tonnes - live weight,,,0,50,50,50,47,60,60,50,45,38,10,10,12,,,18,22,20,35,0,0,0,0,0,0,0,0,0,0,0,0,0,0,0,0,0,0,0,0,0,0,0,0,0,0,0,0,0,0,0,,,,,,,,,,,,,,,,,,,,
Flathead grey mullet,Asia,Singapore,Marine areas,Tonnes - live weight,620.83,596.53,500.489,358.666,361.269,512.882,436.201,601.8,535.867,298.56,307.21,519.42,451,310,193,277,172,67,58,40,0,0,0,0,0,0,0,0,0,0,0,0,0,0,0,0,0,0,0,0,0,0,0,0,0,0,0,0,0,0,0,0,,,,,,,,,,,,,,,,,,,,
Flathead grey mullet,Asia,Taiwan Province of China,Marine areas,Tonnes - live weight,1262.81,1103.506,1456.659,1562.198,1459.614,867.517,1321,2370.98,2076.87,1206,2104,2359,1887,917,2358,1846,1100,1153,1585,2026,955,905,1083,1024,1647,1034,695,1023,914,462,425,507,383,336,180,113,113,112,248,182,321,204,164,251,168,179,185,188,162,106,62,78,75,72,34,32,31,30,38,60,74,60,50,45,45,44,44,60,60,40,25,15
Flathead grey mullet,Europe,Greece,Marine areas,Tonnes - live weight,385.8,307.576,250.9,341,197.5,312.8,243,257.1,273.2,239.42,370.5,317,254,373,454,614,360,446,367,248,470,526,404,451,453,480,443,0,0,0,0,0,0,0,0,0,0,0,,,,,,,,,,,,,,,,,,,,,,,,,,,,,,,,,,
Flathead grey mullet,Europe,Italy,Marine areas,Tonnes - live weight,,,,,700,700,690,690.22,100,356,330,478.5,481.5,458.1,601,95,73,96,3000,254,3000,3000,3000,3000,2900,3100,3000,2900,2892,2942,2880,3000,2500,2685,2900,3200,3200,3200,2900,2800,2600,2500,2300,2200,2100,1940,1820,1700,1590,1480,1370,1270,1170,1070,980,900,820,740,670,600,540,480,420,370,320,280,240,200,170,146,120,105
Flathead grey mullet,Europe,Spain,Marine areas,Tonnes - live weight,,,,,,0,0,0,0,0,0,0,0,0,0,0,0,,,1,,,,,,,,,,,,,,,,,,,,,,,,,,,,,,,,,,,,,,,,,,,,,,,,,,,,
Flathead grey mullet,Oceania,Fiji,Marine areas,Tonnes - live weight,,,,,0,0,0,0,0,0,0,0,0,0,0,0,0,0,0,0,0,0,0,0,0,0,0,0,0,0,0,0,0,1,1,,,,,,,,,,,,,,,,,,,,,,,,,,,,,,,,,,,,,
Gilthead seabream,Africa,Algeria,Marine areas,Tonnes - live weight,2177.9,3043.2,1600.22,1689.11,1352.22,225.7,269.6,650.816,348.644,161.349,109.18,64.928,28.333,3.49,0,0,1,1,1,34,32,26,18,8,0,0,0,1,1,0,1,2,0,0,0,0,0,1,,,,,,,,,,,,,,,,,,,,,,,,,,,,,,,,,,
Gilthead seabream,Africa,Egypt,Marine areas,Tonnes - live weight,42743,38737,35880,29994,35221,26663,16092,16967,14537,14806,14155,15065,5335,4430,1205,433,4398,2465,2424,1662,1053,8862,2733,3682,2252,1457,1062,720,720,720,720,,,,,,,,,,,,,,,,,,,,,,,,,,,,,,,,,,,,,,,,,
Gilthead seabream,Africa,Libya,Marine areas,Tonnes - live weight,0,0,0,0,0,0,0,0,0,0,0,50,50,50,60,60,61,61,50,15,15,15,15,15,15,15,15,,,,,,,,,,,,,,,,,,,,,,,,,,,,,,,,,,,,,,,,,,,,,
Gilthead seabream,Africa,Morocco,Marine areas,Tonnes - live weight,,,,,,,,,,,,34.97,,,0,0,332,350,378,378,304,390,556,161,254,658,590,792,585,234,205,133,4,,,,,,,,,,,,,,,,,,,,,,,,,,,,,,,,,,,,,,,
Gilthead seabream,Africa,Tunisia,Marine areas,Tonnes - live weight,17798.601,15577,18017,18463,16841,13240,10216,8125,8475,5272,4184,2296,1538,1105,790,648,576,678,528,353,448,409,25,280,232,299,160,38,52,131,3,85,120,194,25,20,5,15,10,4,,,,,,,,,,,,,,,,,,,,,,,,,,,,,,,,
Gilthead seabream,Americas,Dominican Republic,Marine areas,Tonnes - live weight,285,285,270,270,170,,,,,,,350,350,350,350,350,350,69,143,,,,,,,,,,,,,,,,,,,,,,,,,,,,,,,,,,,,,,,,,,,,,,,,,,,,,
Gilthead seabream,Asia,Bahrain,Marine areas,Tonnes - live weight,5,5,5,5,5,13.684,5,2.105,0,0.78,2.48,0.679,1,1,0,0,0,0,0,0,0,0,0,0,0,0,0,0,0,0,0,0,0,0,0,0,0,0,0,0,0,0,0,0,0,0,0,0,0,0,0,0,0,0,0,0,0,0,0,0,0,0,0,0,0,0,0,0,0,0,0,0
Gilthead seabream,Asia,Cyprus,Marine areas,Tonnes - live weight,5097,4367,5168,4885,4949,5039,3656,2919,3795,3126,3056,2807,2552,1926,1404,1880,1465,1356,1182,1266,1278,1384,986,827,769,527,223,187,133,42,45,37,16,2,2,,,,,,,,,,,,,,,,,,,,,,,,,,,,,,,,,,,,,
Gilthead seabream,Asia,Israel,Marine areas,Tonnes - live weight,2650,2750,2950,2255,2255,2065,1820,2554,2520,2052,1440,1240,1072,2347,2204,2713,3366,2860,2546,2561,2688,2511,2210,1643,1326,633,230,100,55,54,71,84,80,60,45,30,,12,,,,,,,,,,,,,,,,,,,,,,,,,,,,,,,,,,
Gilthead seabream,Asia,Kuwait,Marine areas,Tonnes - live weight,,,,,,,,,,10,10,10,10,16.9,55,11,142,,,43,43,83,75,,,,,,,,,,,,,,,,,,,,,,,,,,,,,,,,,,,,,,,,,,,,,,,,,
Gilthead seabream,Asia,Lebanon,Marine areas,Tonnes - live weight,0.5,0.5,0.5,0.5,,,,,,,,,,,,,,,,,,,,,,,,,,,,,,,,,,,,,,,,,,,,,,,,,,,,,,,,,,,,,,,,,,,,
Gilthead seabream,Asia,Oman,Marine areas,Tonnes - live weight,1350,1060,862,350,,,,,,,,,,34,,82,180,460,331,,,,,11,,,,,,,,,,,,,,,,,,,,,,,,,,,,,,,,,,,,,,,,,,,,,,,,
Gilthead seabream,Asia,Palestine,Marine areas,Tonnes - live weight,620,514,540,420,435,250,220,150,169,90,41,35,,,,,,,,,,,,,,,,,,,,,,,,,,,,,,,,,,,,,,,,,,,,,,,,,,,,,,,,,,,,
Gilthead seabream,Asia,Qatar,Marine areas,Tonnes - live weight,35,,,,,,,,,,,,,,,,,,,,,,,,,,,,,,,,,,,,,,,,,,,,,,,,,,,,,,,,,,,,,,,,,,,,,,,
Gilthead seabream,Asia,Saudi Arabia,Marine areas,Tonnes - live weight,9800,10983.8,1444.07,2200,2230,2220,3057,1685,1825,1648,1453,1300,1190,500,0,0,0,0,0,0,0,0,0,0,0,0,0,0,0,0,0,0,0,0,0,0,0,0,0,0,0,0,0,0,0,0,0,0,0,0,0,0,0,0,0,0,0,0,0,0,0,0,0,0,0,0,0,0,0,0,0,0
Gilthead seabream,Asia,Türkiye,Marine areas,Tonnes - live weight,133476,109749,99730,76680,61090,58254,51844,41873,35701.1,30743,32187,28157,28362,31670,33500,28463,28334,20435,16735,11681,12939,15460,11000,10150,7500,6320,4847,6070,1029,937,910,1031,798,100,65,34,,,,,,,,,,,,,,,,,,,,,,,,,,,,,,,,,,,,
Gilthead seabream,Asia,United Arab Emirates,Marine areas,Tonnes - live weight,1302,1587.779,1860,1800,1810,1710,270,290,370,170,172,0,0,1065,190,190,190,190,750,,,,,,,,,,,,,,,,,,,,,,,,,,,,,,,,,,,,,,,,,,,,,,,,,,,,,
Gilthead seabream,Europe,Albania,Marine areas,Tonnes - live weight,3724,4312,2450,2300,2400,1900,1800,1600,1600,1600,375,467,370,343,402,370,250,400,250,200,100,0,0,0,0,0,0,0,0,0,0,0,0,0,0,0,0,0,0,0,0,0,0,0,0,0,0,0,0,0,0,0,,,,,,,,,,,,,,,,,,,,
Gilthead seabream,Europe,Bosnia and Herzegovina,Marine areas,Tonnes - live weight,81.6,74.4,99.6,98.8,95.6,93.7,91,107,61,,118,100,100,100,100,99,95,45,85,85,,,,,,,,,,,,,,,,,,,,,,,,,,,,,,,,,,,,,,,,,,,,,,,,,,,,
Gilthead seabream,Europe,Croatia,Marine areas,Tonnes - live weight,7519.3,7779.9,6774.49,5590.97,4829.601,4100.956,4074.788,3654.575,2978,2173,1719,2400,2200,1800,1150,1050,1000,700,610,700,940,800,450,595,40,80,90,70,30,45,,,,,,,,,,,,,,,,,,,,,,,,,,,,,,,,,,,,,,,,,,
Gilthead seabream,Europe,France,Marine areas,Tonnes - live weight,1850,2006.258,2344.26,1608,1500,1500,1381.2,1379.2,1636,1316,1412,1239,513.1,1182.4,1600,1609,1778,1379,1139,1361,1643,1180,1193,1500,1312,486,984,1153,329,100,40,30,20,170,10,10,15,5,,,,,,,,,,,,,,,,,,,,,,,,,,,,,,,,,,
Gilthead seabream,Europe,Greece,Marine areas,Tonnes - live weight,66890.8,61975.545,55452,56203.1,55947.5,49620.8,47713.4,50688.2,55751.3,53459.23,51308,57204,60488,51957,50023,43916,43829,37394,44118,37944,40694,38587,32837,21951,18035,13799,9387,6500,6012,4126,2069,1598,490,220,65,30,7,2,,,,,,,,,,,,,,,,,,,,,,,,,,,,,,,,,,
Gilthead seabream,Europe,Italy,Marine areas,Tonnes - live weight,8175.8,7717.534,7350,7316.32,7600,7600,6800,6830.31,6184,6323,5508.3,6259.5,5413,5455.36,8184,6345,6914,5845,9000,4959,7800,6000,5700,5500,3900,3650,3200,1850,1527,1070,965,850,850,750,550,450,360,320,310,240,200,250,160,140,110,90,80,60,40,20,10,10,0,0,0,0,0,0,0,0,0,0,0,0,0,0,0,0,0,0,0,0
Gilthead seabream,Europe,Malta,Marine areas,Tonnes - live weight,2640.442,2597.945,1783.245,1779.081,2458.195,2221.213,2337,2704,2550,2604,1081.6,1755,1984,1574,1097,912,540,743,794,1066,1039,1512,1922,1870,1080,931,550,550,250,150,50,,,,,,,,,,,,,,,,,,,,,,,,,,,,,,,,,,,,,,,,,
Gilthead seabream,Europe,Montenegro,Marine areas,Tonnes - live weight,36,64,71,45,62,59,45,38,50,50,60,60,55,45,38,25,,,,,,,,,,,,,,,,,,,,,,,,,,,,,,,,,,,,,,,,,,,,,,,,,,,,,,,,
Gilthead seabream,Europe,Portugal,Marine areas,Tonnes - live weight,3090.691,1768,2315.82,897.89,1038.01,1162.36,1098.824,1602.144,1426.88,894.9,827,1053,1345,1635.2,1930,1623,1519,1685,1449,1855,1762,1815,1352,1221,742,519,417,404,289,369,295,105,19,69,67,67,45,35,23,18,8,7,2,,,,,,,,,,,,,,,,,,,,,,,,,,,,,
Gilthead seabream,Europe,Slovenia,Marine areas,Tonnes - live weight,42.9,,,,,,,,,,,,,0,0,0,2,31,16,12,7,27,30,56,61,21,20,41,6,4,,,,,,,,,,,,,,,,,,,,,,,,,,,,,,,,,,,,,,,,,,
Gilthead seabream,Europe,Spain,Marine areas,Tonnes - live weight,7823.245,6458.123,12475.318,13810.44,17005.46,12396.896,16005.256,16915.44,18897.21,16607,15118.007,20358.2,23218.74,22286,20355,16574,15433,15571,13826,11335,9382,8242,6117,4933,3969,3818,2706,2094,2014,1675,1073,565,348,160,109,124,127,0,0,0,0,0,0,0,0,0,0,0,0,0,0,0,,,,,,,,,,,,,,,,,,,,
Gilthead seabream,Europe,Yugoslavia SFR,Marine areas,Tonnes - live weight,,,,,,0,0,0,0,0,0,0,0,0,0,0,0,0,0,0,0,0,0,0,0,0,0,0,0,0,30,50,100,60,35,10,5,2,,,,,,,,,,,,,,,,,,,,,,,,,,,,,,,,,,
Japanese amberjack,Asia,Japan,Marine areas,Tonnes - live weight,132700,137511,136367,138229,138999,140868,140292,134608,150387,160215,146240,138936,154943,155108,159749,155004,159741,150068,157568,162496,153075,136834,140411,146849,138234,145773,169765,148181,141646,148701,161077,161106,153164,165928,158867,145878,150961,152498,155879,146304,150754,149311,154872,121728,114866,101619,92352,92685,80269,76913,61743,43354,32722,31777,21169,16875,14779,10321,5038,4460,2036,1431,542,293,113,64,68,53,98,50,50,40
Japanese seabass,Asia,China,Marine areas,Tonnes - live weight,199106,195246,180173,166581,156595,137901,117376,108765,122592,120584,117208,102822,100794,95747,100574,90154,76969,70543,68588,,,,,,,,,,,,,,,,,,,,,,,,,,,,,,,,,,,,,,,,,,,,,,,,,,,,,
Japanese seabass,Asia,"Korea, Republic of",Marine areas,Tonnes - live weight,1211.827,843,774,1000,2046,1878,1780,1004,1248,1522,1835,1952,2395,2007,2361,1571,2600,1850,2778,2006,873,605,797,,,266,0,0,0,0,0,0,0,0,0,0,0,0,,,,,,,,,,,,,,,,,,,,,,,,,,,,,,,,,,
Japanese seabass,Asia,Singapore,Marine areas,Tonnes - live weight,1.88,1.33,0.892,13.988,0.2,0,0,0,0,0,0,0,0,0,0,0,0,0,0,0,0,0,,,,,,,,,,,,,,,,,,,,,,,,,,,,,,,,,,,,,,,,,,,,,,,,,,
Japanese seabass,Asia,Taiwan Province of China,Marine areas,Tonnes - live weight,743.194,812.557,988.513,843.248,1118.6,1384.077,1435,2378.05,,,,,,,,,,,,,,,,,,,,,,,,,,,,,,,,,,,,,,,,,,,,,,,,,,,,,,,,,,,,,,,,
Large yellow croaker,Asia,China,Marine areas,Tonnes - live weight,254224,254062,225549,197980,177640,159529,142351,122254,100717,91148,76457,83274,65259,65977,61844,62507,60916,58931,51375,,,,,,,,,,,,,,,,,,,,,,,,,,,,,,,,,,,,,,,,,,,,,,,,,,,,,
Milkfish,Africa,Kenya,Marine areas,Tonnes - live weight,5,6,5,5,4,4,2,2,,,,,,,0,0,0,0,0,0,0,0,0,0,0,0,0,0,0,0,0,0,0,0,0,0,0,0,0,0,0,0,0,0,0,0,0,0,0,0,0,0,0,0,0,0,0,0,0,0,0,0,0,0,0,0,0,0,0,0,0,0
Milkfish,Africa,"Tanzania, United Rep. of",Marine areas,Tonnes - live weight,6,168.45,23.88,350,340,390,230,210,203,221.4,137,8.5,10,2,2,2,2,2,,,,,,,,,,,,,,,,,,,,,,,,,,,,,,,,,,,,,,,,,,,,,,,,,,,,,,
Milkfish,Africa,"United Republic of Tanzania, Zanzibar",Marine areas,Tonnes - live weight,2,2,2,1.693,1.62,9.481,3.939,10.593,6.772,9.788,,,,,,,,,,,,,,,,,,,,,,,,,,,,,,,,,,,,,,,,,,,,,,,,,,,,,,,,,,,,,,
Milkfish,Asia,Brunei Darussalam,Marine areas,Tonnes - live weight,2.49,11.32,3.936,10.9,1,0.8,,,,,,,,,,,,,,,,,,,,,,,,,,,,,,,,,,,,,,,,,,,,,,,,,,,,,,,,,,,,,,,,,,
Milkfish,Asia,Indonesia,Marine areas,Tonnes - live weight,713344.491,742060,747816,808966,632975,691507.98,625342,577567.68,575255.62,482930.49,467326.55,422068,328287.5,277471,263139,212932,254067,241438,226114,222317,209525,217208,209758,158666,142709,162127,151256,153093,164448,147032,141024,132432,119339,118001,105947,103588,93508,84365,81506,73330,61041,52922,46187,48287,48641,44027,44692,41650,38439,43900,43000,43000,44100,44900,51700,49500,41300,42200,38800,41300,39600,35600,36400,27300,33000,30400,26500,23400,24900,21300,19000,18800
Milkfish,Asia,Malaysia,Marine areas,Tonnes - live weight,2819.88,3253.964,2234.838,0,119.59,2036.7,2177.21,2154.52,,,,,,,,,,,,,,,,,,,,,,,,,,,,,,,,,,,,,,,,,,,,,,,,,,,,,,,,,,,,,,,,
Milkfish,Asia,Philippines,Marine areas,Tonnes - live weight,426065.286,392844.73,368592.8,347922.7,365198.3,361199,345637,353338,358886,345205,330329,306643,304473,306397,308458,280509,263876,246326,224790,220998,221535,195471,164525,148676,144297,139450,137962,135682,124510,145554,213674,191878,181197,175935,179791,158621,155344,155709,233515,219967,206507,150631,116230,103253,100708,98102,92621,98480,86652,86062,85186,83921,82279,84139,55603,55379,54982,54532,53978,53449,52918,52304,50538,50133,34290,33478,34569,30480,29121,27003,25812,22154
Milkfish,Asia,Singapore,Marine areas,Tonnes - live weight,1215.45,1358.27,1570.942,2020.47,2093.51,2210.035,2358.487,1954.9,1648.17,1664.1,1829.46,1312,961,917,1303,1183,1500,1839,1492,956,656,676,378,148,370,0,0,0,0,0,0,0,0,0,0,0,0,0,,,,,,,,,,,,,,,,,,,,,,,,,,,,,,,,,,
Milkfish,Asia,Sri Lanka,Marine areas,Tonnes - live weight,5.1,66.2,83.28,76.17,,3.5,2.3,,,2,6.72,2.2,,60,30,0,0,0,0,0,0,0,0,0,0,0,0,0,0,0,0,0,0,0,0,0,0,0,0,0,0,0,0,0,0,0,0,0,0,0,0,0,0,0,0,0,0,0,0,0,0,0,0,0,0,0,0,0,0,0,0,0
Milkfish,Asia,Taiwan Province of China,Marine areas,Tonnes - live weight,29838.413,27944.226,31585.156,33292.441,33069.169,25841.662,36461,43893.84,41145.36,42296,24091.4,20380,26433,27944,27515,29375,23386,25053,32971,28424,21892,16267,22649,28359,31259,27806,28058,26188,16844,15580,27106,75244,12601,23161,19476,21949,25599,23344,27964,23416,21929,18883,31879,29858,26261,26651,33164,28730,31437,24852,30388,27725,18975,19689,23046,28443,26938,29986,25607,25439,31114,25756,25343,28806,26683,24097,26187,22157,19124,15317,13990,15259
Milkfish,Asia,Timor-Leste,Marine areas,Tonnes - live weight,15,5,5,5,5,5,5,5,5,5,5,5,5,5,4,3,2,1,,,,,,,,,,,,,,,,,,,,,,,,,,,,,,,,,,,,,,,,,,,,,,,,,,,,,,
Milkfish,Oceania,Cook Islands,Marine areas,Tonnes - live weight,,,,,,,,,,,,,,,0,0,0,0,0,0,0,0,0,0,0,0,0,0,0,0,0,0,0,0,0,0,1,,,,,,,,,,,,,,,,,,,,,,,,,,,,,,,,,,,
Milkfish,Oceania,Guam,Marine areas,Tonnes - live weight,30,30,30,30,30,30,30,30,30,30,30,35,40,40,40,40,40,40,40,,,,,,,,,,,,,,,,,,,,,,,,,,,,,,,,,,,,,,,,,,,,,,,,,,,,,
Milkfish,Oceania,Kiribati,Marine areas,Tonnes - live weight,2,2,2,2,2,2,2,2,11,11,3,11,10.36,11.64,5,12,12,9,9,14,18,14,13,4,7,9,15,30,50,40,40,35,35,30,25,30,14,13,,,,,,,,,,,,,,,,,,,,,,,,,,,,,,,,,,
Milkfish,Oceania,Micronesia (Fed. States),Marine areas,Tonnes - live weight,0,0,0,0,0,0,0,0,0,0,0,0,0,0,0,0,0,0,0,0,0,0,0,0,0,0,0,0,0,0,0,0,0,0,0,0,0,0,,,,,,,,,,,,,,,,,,,,,,,,,,,,,,,,,,
Milkfish,Oceania,Nauru,Marine areas,Tonnes - live weight,0.5,0.5,0.3,0.5,0.3,0.3,0.3,0.3,0.1,1,0,0,0,0,0,0.8,0,0,0,0,0.4,0,0,0,0,0,0,0,0,0,0,0,0,0,0,0,0,0,0,0,0,0,0,0,0,0,0,0,0,0,0,0,0,0,0,0,0,0,0,0,0,0,0,0,0,0,0,0,0,0,0,0
Milkfish,Oceania,Palau,Marine areas,Tonnes - live weight,10,15,15,15,14,14,20,20,19.7,35.7,19.7,17.5,14.3,18,4,0,0,0,0,0,0,0,0,0,0,0,0,0,0,0,0,0,0,0,0,0,0,0,0,0,0,0,0,0,0,0,0,0,0,0,0,0,,,,,,,,,,,,,,,,,,,,
Milkfish,Oceania,Papua New Guinea,Marine areas,Tonnes - live weight,0,0,0,0.1,0.1,1,1,1,1,1,1,0,0,0,0,0,0,0,0,0,0,0,0,0,0,0,0,0,0,0,0,0,0,0,0,0,0,0,0,0,0,0,0,0,0,0,0,0,0,0,0,0,0,0,0,0,0,0,0,0,0,0,0,0,0,0,0,0,0,0,0,0
Milkfish,Oceania,Tonga,Marine areas,Tonnes - live weight,,,,,,,,,,,,,,0,0,0,0,0,20,14,19,14,,,,,,,,,,,,,,,,,,,,,,,,,,,,,,,,,,,,,,,,,,,,,,,,,,
Milkfish,Oceania,Tuvalu,Marine areas,Tonnes - live weight,1,1,2.5,2.5,2.5,2.5,2.5,2.5,2.5,2.5,2.5,2.5,2.5,,1,1,1,1,5,,,,,,,,,,,,,,,,,,,,,,,,,,,,,,,,,,,,,,,,,,,,,,,,,,,,,
Nile tilapia,Africa,Eritrea,Marine areas,Tonnes - live weight,0,0,0,0,0,0,0,0,0,0,0,0,0,0,0,0,0,1,2,2,2,1,,,,,,,,,,,,,,,,,,,,,,,,,,,,,,,,,,,,,,,,,,,,,,,,,,
Nile tilapia,Africa,Senegal,Marine areas,Tonnes - live weight,,,,,,,,0,0,0,0,0,0,0,0,0,0,0,0,0,0,0,0,0,0,0,0,0,0,0,10,5,8,10,,,,,,,,,,,,,,,,,,,,,,,,,,,,,,,,,,,,,,
Nile tilapia,Asia,Brunei Darussalam,Marine areas,Tonnes - live weight,,,,,,,,0,3.88,0,0,0,0,0,0,0,0,19,,,,,,,,,,,,,,,,,,,,,,,,,,,,,,,,,,,,,,,,,,,,,,,,,,,,,,
Nile tilapia,Asia,Indonesia,Marine areas,Tonnes - live weight,90641.119,102752,110524,46270,42592,52831.12,45193,52582.37,81052.81,34134.36,32861.8,16686,2041.3,1604,2499,10544,3114,986,0,0,0,0,0,0,0,0,0,0,0,0,0,0,0,0,0,0,0,0,0,0,0,0,0,0,0,0,0,0,0,0,0,0,,,,,,,,,,,,,,,,,,,,
Nile tilapia,Asia,Philippines,Marine areas,Tonnes - live weight,5060.364,4644.319,4617.277,4701.3,4634.5,4416,4640,4653,3961,3741,3582,3635,5614,5659,4052,3834,2192,1977,1955,1768,1993,1606,1414,1190,1191,963,1063,1966,1589,1554,2814,3761,,,,,,,,,,,,,,,,,,,,,,,,,,,,,,,,,,,,,,,,
Nile tilapia,Asia,Singapore,Marine areas,Tonnes - live weight,,,,,0.3,,,,,0,0,0,0,0,0,15,0,20,,,,,,,,,,,,,,,,,,,,,,,,,,,,,,,,,,,,,,,,,,,,,,,,,,,,,,
Nile tilapia,Asia,United Arab Emirates,Marine areas,Tonnes - live weight,84.4,33,,,,,,,,,,,,,,,,,,,,,,,,,,,,,,,,,,,,,,,,,,,,,,,,,,,,,,,,,,,,,,,,,,,,,,
Nile tilapia,Europe,Malta,Marine areas,Tonnes - live weight,0,0,0,0,0,0,0,0,0,0,0,0,0,0,0,0,0,0,0,0,0,0,0,0,0,0,0,0,0,0,0,2,,,,,,,,,,,,,,,,,,,,,,,,,,,,,,,,,,,,,,,,
Nile tilapia,Oceania,Samoa,Marine areas,Tonnes - live weight,,,,,,,,2.781,1.912,,,,,,,,,,,,,,,,,,,,,,,,,,,,,,,,,,,,,,,,,,,,,,,,,,,,,,,,,,,,,,,
Orange-spotted grouper,Asia,Bahrain,Marine areas,Tonnes - live weight,,,,,,0.321,0,0.571,0,0.945,0.852,2.015,1,1,,,,,,,,,,,,,,,,,,,,,,,,,,,,,,,,,,,,,,,,,,,,,,,,,,,,,,,,,,
Orange-spotted grouper,Asia,Brunei Darussalam,Marine areas,Tonnes - live weight,,,,,,,12.9,28.13,3.51,50,5,5,5,3,2,3,4,5,,,,,,,,,,,,,,,,,,,,,,,,,,,,,,,,,,,,,,,,,,,,,,,,,,,,,,
Orange-spotted grouper,Asia,Cambodia,Marine areas,Tonnes - live weight,480,550,420,350,320,300,200,200,150,140,140,120,100,80,,,,,,,,,,,,,,,,,,,,,,,,,,,,,,,,,,,,,,,,,,,,,,,,,,,,,,,,,,
Orange-spotted grouper,Asia,"China, Hong Kong SAR",Marine areas,Tonnes - live weight,44.69,74,28,5,41,103,205,361,277,251,,,,,,,,,,,,,,,,,,,,,,,,,,,,,,,,,,,,,,,,,,,,,,,,,,,,,,,,,,,,,,
Orange-spotted grouper,Asia,Kuwait,Marine areas,Tonnes - live weight,0,0,,0,2,0.3,0,0,0,0,0,0,0,0,0,0,0,0,0,3,3,6,5,0,0,0,0,0,0,0,0,0,0,0,0,0,0,0,0,0,0,0,0,0,0,0,0,0,0,0,0,0,0,0,0,0,0,0,0,0,0,0,0,0,0,0,0,0,0,0,0,0
Orange-spotted grouper,Asia,Singapore,Marine areas,Tonnes - live weight,3.81,2.09,9.955,9.526,10.478,13.637,7.191,6.4,14.39,12.354,4.11,1.8,79,111,85,89,104,139,76,,,,,,,,,,,,,,,,,,,,,,,,,,,,,,,,,,,,,,,,,,,,,,,,,,,,,
Orange-spotted grouper,Asia,United Arab Emirates,Marine areas,Tonnes - live weight,,240,180,190,190,0,0,0,0,0,0,0,0,0,0,0,0,0,0,0,0,0,,,,,,,,,,,,,,,,,,,,,,,,,,,,,,,,,,,,,,,,,,,,,,,,,,
Pompano,Asia,China,Marine areas,Tonnes - live weight,243908,160000,155000,150000,137000,115000,110000,110000,112000,112000,112000,80000,66000,36000,35000,30000,,,,,,,,,,,,,,,,,,,,,,,,,,,,,,,,,,,,,,,,,,,,,,,,,,,,,,,,
Rainbow trout,Africa,South Africa,Marine areas,Tonnes - live weight,,7.02,20.1,28.5,,,,,,,,,,,,,,,,,,,,,,,,,,,,,,,,,,,,,,,,,,,,,,,,,,,,,,,,,,,,,,,,,,,,
Rainbow trout,Americas,Argentina,Marine areas,Tonnes - live weight,4.35,1.1,13,2,3,25,25,1,1,5,,,,,,,,,,,,,,,,,,,,,,,,,,,,,,,,,,,,,,,,,,,,,,,,,,,,,,,,,,,,,,
Rainbow trout,Americas,Canada,Marine areas,Tonnes - live weight,1177,1164,,65,1072,200,,,,,,,,,,,,,,,,,,,,,,,,14,102,210,274,185,192,9,200,193,60,130,100,130,48,58,60,47,49,49,100,100,100,100,100,100,100,100,100,100,100,100,100,100,100,100,100,100,100,300,200,200,200,200
Rainbow trout,Americas,Chile,Marine areas,Tonnes - live weight,56520,87614,81714,78255.09,74585.22,84213,94508,131315,131891,223516,208482,200000,199497,147563,162406,140262,113582,122760,111493,108771,109142,78911,47164,71073,69301,52491,40089,30679,20557,13898,1575,1853,925,20,,,,,,,,,,,,,,,,,,,,,,,,,,,,,,,,,,,,,,
Rainbow trout,Americas,United States of America,Marine areas,Tonnes - live weight,,,,,,,,,,,,,,,,,,,,,,,,,,33,98,266,540,536,474,650,305,112,50,25,,,,,136,,,,,,,,,,,,,,,,,,,,,,,,,,,,,,,
Rainbow trout,Asia,Georgia,Marine areas,Tonnes - live weight,100,100,100,100,80,60,,,,,,,,,,,,,,,,,,,,,,,,,,,,,,,,,,,,,,,,,,,,,,,,,,,,,,,,,,,,,,,,,,
Rainbow trout,Asia,"Korea, Republic of",Marine areas,Tonnes - live weight,90.912,88.71,161,70,81,,,,,,,,,,,,,,,,,,,,,,,,,,,,,,,,,,,,,,,,,,,,,,,,,,,,,,,,,,,,,,,,,,,
Rainbow trout,Asia,Türkiye,Marine areas,Tonnes - live weight,31509,18182,9411,9235,4972,4643,6187,4812,5186.2,3234,7697,7079,5229,2721,2740,1633,1249,1650,1194,846,1240,1961,1700,2290,2000,1330,,,,,,,,,,,,,,,,,,,,,,,,,,,,,,,,,,,,,,,,,,,,,,
Rainbow trout,Europe,Croatia,Marine areas,Tonnes - live weight,,,,,,,,12.779,3.9,0,0,0,0,0,0,0,0,0,0,0,0,0,0,0,0,0,0,0,0,0,,,,,,,,,,,,,,,,,,,,,,,,,,,,,,,,,,,,,,,,,,
Rainbow trout,Europe,Denmark,Marine areas,Tonnes - live weight,8363.3,,9187.81,9737,13036,11087,12142.7,10733,13840,10327.28,10200,10200,9193.5,10228,6882,7848,8538,9078,7944,3189,5853,7264,7053,7089,5852,7802,7348,6793,7852,6798,5958,6500,6700,5100,3000,3733,2586,2856,1100,600,500,400,150,100,0,0,0,0,0,0,0,0,0,0,0,0,0,0,0,0,0,0,0,0,0,0,0,0,0,0,0,0
Rainbow trout,Europe,Estonia,Marine areas,Tonnes - live weight,268.8,123.846,205,,,,,,,,,,,,,,,,,,,,0,0,0,0,150,156,166,160,,,,,,,,,,,,,,,,,,,,,,,,,,,,,,,,,,,,,,,,,,
Rainbow trout,Europe,Faroe Islands,Marine areas,Tonnes - live weight,,,,,,,,,88,,,2184,7912,8179,8394,5496,4493,5092,10220,11149,3126,1315,3292,1260,1435,535,72,464,1092,734,369,51,230,1860,1330,1150,680,396,300,300,400,200,100,300,100,50,80,40,25,10,5,0,,,,,,,,,,,,,,,,,,,,
Rainbow trout,Europe,Finland,Marine areas,Tonnes - live weight,10855.7,11387.7,11780.5,11119,11752.4,11367,11740,10732,10481,9432,8376,9269,10508,10712,10094,10073,11612,10586,10151,12001,13033,13210,12718,13158,12965,14618,13882,13315,13687,14588,15055,13024,13388,12749,8784,7140,6647,5381,3910,3226,2211,1958,794,809,0,0,0,0,0,0,0,0,,,,,,,,,,,,,,,,,,,,
Rainbow trout,Europe,France,Marine areas,Tonnes - live weight,,,,,,,,,,,,15,9,27.2,68,37,59,155,150,187,114,160,,,232,375,424,454,800,880,900,910,820,925,645,645,462,750,350,340,335,275,130,65,35,16,25,25,16,8,0,0,0,0,0,0,0,0,0,0,0,0,0,0,0,0,0,0,0,0,0,0
Rainbow trout,Europe,Germany,Marine areas,Tonnes - live weight,,,,,,,,20,22,30,26,14,14,22,20,20,21,19,19,23,26,27,27,30,28,24,50,100,150,13,15,566,584,786,786,703,651,571,485,504,450,400,320,250,200,160,120,50,10,2,0,0,0,0,0,0,0,0,0,0,0,0,0,0,0,0,0,0,0,0,0,0
Rainbow trout,Europe,Iceland,Marine areas,Tonnes - live weight,,,,,,,0,0,0,0,0,0,0,0,0,0,100,33,,,,,,,,,,,,,,,,,,,,,,,,,,,,,,,,,,,,,,,,,,,,,,,,,,,,,,
Rainbow trout,Europe,Ireland,Marine areas,Tonnes - live weight,,,,,,,,,180,180,600,434.4,478,930,507,546,717,282,370,888,977,1360,1077,1046,,690,470,613,677,432,560,324,300,400,320,93,60,130,73,70,66,46,19,5,4,0,0,0,0,0,0,0,0,0,0,0,0,0,0,0,0,0,0,0,0,0,0,0,0,0,0,0
Rainbow trout,Europe,Netherlands (Kingdom of the),Marine areas,Tonnes - live weight,,,,,,,,,,,,,,,,,,,,,,,,,,,,,,,,,,15,,,,,,,,,,,,,,,,,,,,,,,,,,,,,,,,,,,,,,
Rainbow trout,Europe,Norway,Marine areas,Tonnes - live weight,94659.75,96131.52,83290.383,68215.8,66902.33,87774.5,72921.39,68910.2,71448.6,74583,58472,54579,73989.8,85176,77381,62702,58875,63401,68931,83559,71764,48778,48691,48431,33295,22966,14704,14367,8351,6582,5655,3796,3640,9351,8787,4384,5142,3569,5405,4627,4624,3668,2988,2105,1795,2045,1655,1726,1001,778,433,430,400,350,310,200,200,600,100,200,900,1900,1000,,200,,0,0,0,0,0,0
Rainbow trout,Europe,Spain,Marine areas,Tonnes - live weight,,,,,,0,0,,,0,0,1.9,29.45,0,0,150,0,130,,120,0,0,0,0,0,0,0,0,0,0,0,0,0,0,0,0,0,0,0,0,0,0,0,0,0,0,0,0,0,0,0,0,,,,,,,,,,,,,,,,,,,,
Rainbow trout,Europe,Sweden,Marine areas,Tonnes - live weight,643,1203,1518,2870,2856,2424,1919,2485,3116,3051,3255,2283,2431,1668,1480,1503,1475,1316,1060,1606,1932,1579,1963,2026,2166,3239,2923,2378,2256,2154,2708,3526,3565,4051,2834,2668,1772,916,670,,,,,,,,,,,,,,,,,,,,,,,,,,,,,,,,,
Rainbow trout,Europe,United Kingdom,Marine areas,Tonnes - live weight,4189,4189,4083,3363,3482,3759,4678,1909,1964,2076,1156,1606,2620,2628,2353,2341,1242,1664,997,997,561,784,1075,502,0,4,4,1,426,250,178,1296,482,709,641,247,81,87,73,133,112,86,97,0,0,0,0,0,0,0,0,0,0,0,0,0,0,0,0,0,0,0,0,0,0,0,0,0,0,0,0,0
Rainbow trout,Oceania,Australia,Marine areas,Tonnes - live weight,,,,,,,,,,,,,,,,0,0,0,0,0,0,0,0,0,0,0,0,0,400,400,437,750,750,890,207,46,,,,,,,,,,,,,,,,,,,,,,,,,,,,,,,,,,,,
Red drum,Africa,Mauritius,Marine areas,Tonnes - live weight,2216.344,3224,3132,1948,1200,719,584,566,216,430,456,498.4,330.1,181,155,416,368,326,,,,,,,,,,,,,,,,,,,,,,,,,,,,,,,,,,,,,,,,,,,,,,,,,,,,,,
Red drum,Africa,Mayotte,Marine areas,Tonnes - live weight,15,15,15,20,20,25,70,120,109.2,105,34,61,96,107,122,131,155,170,213,,,,,,,,,,,,,,,,,,,,,,,,,,,,,,,,,,,,,,,,,,,,,,,,,,,,,
Red drum,Africa,Réunion,Marine areas,Tonnes - live weight,,,,,,,,,,,,50,,,,,,,,,15,,,,,,,,,,,,,,,,,,,,,,,,,,,,,,,,,,,,,,,,,,,,,,,,,,,
Red drum,Americas,Bahamas,Marine areas,Tonnes - live weight,0,,,,0,0,,,0,0,0,0,0,0,0,0,0,0,0,0,0,0,0,0,0,0,0,0,0,0,0,3,3,,,,,,,,,,,,,,,,,,,,,,,,,,,,,,,,,,,,,,,
Red drum,Americas,Ecuador,Marine areas,Tonnes - live weight,,,,,,,,0,0,0,0,0,0,0,0,0,0,0,,1894,1894,1894,2372,0,0,0,0,0,0,0,0,0,0,0,0,0,0,0,,,,,,,,,,,,,,,,,,,,,,,,,,,,,,,,,,
Red drum,Americas,Guadeloupe,Marine areas,Tonnes - live weight,45,40,20,20,17,19,15,15,2,2,2,3,0,6.5,3.4,2.8,1.7,,,,,,,,,,,,,,,,,,,,,,,,,,,,,,,,,,,,,,,,,,,,,,,,,,,,,,,
Red drum,Americas,Martinique,Marine areas,Tonnes - live weight,35,35,35,40,40,67,36.1,59,45,40,35,57,45,45,50,80,70,87,73,53,24,24,30,20,12,10,7,12,10,15,10,2,3,0,1,,,,,,,,,,,,,,,,,,,,,,,,,,,,,,,,,,,,,
Red drum,Americas,Mexico,Marine areas,Tonnes - live weight,,0,0,0.84,119.832,259.605,101.47,199,566.024,,,3,23,23,3,,,,,,,,,,,,,,,,,,,,,,,,,,,,,,,,,,,,,,,,,,,,,,,,,,,,,,,,,
Red drum,Americas,United States of America,Marine areas,Tonnes - live weight,3244.58,3244.58,3244.58,3245,1043,1043,1500,1500,1502,1474,1474,1134,1400,1400,1814,1500,1500,1362,,,,,,,,,,,,,,,,,,,,,,,,,,,,,,,,,,,,,,,,,,,,,,,,,,,,,,
Red drum,Asia,China,Marine areas,Tonnes - live weight,63895,77408,70187,68253,68559,67931,68675,66844,56600,62969,61803,50700,48551,50947,49291,46443,40011,38066,39329,,,,,,,,,,,,,,,,,,,,,,,,,,,,,,,,,,,,,,,,,,,,,,,,,,,,,
Red drum,Asia,Israel,Marine areas,Tonnes - live weight,375,430,450,150,150,210,350,397,470,278,460,460,459,427,381,392,297,638,438,247,299,197,101,128,104,0,0,0,0,0,0,0,0,0,0,0,0,0,,,,,,,,,,,,,,,,,,,,,,,,,,,,,,,,,,